{
  "logs": [
    {
      "timestamp": "2025-12-26T16:46:58.094614",
      "plate": "BRA2E19",
      "qr_token": "IFMGQR2",
      "valid": true,
      "action": "open",
      "source": "web"
    },
    {
      "timestamp": "2025-12-26T16:31:21.180746",
      "plate": "BRA2E19",
      "qr_token": "IFMGQR2",
      "valid": true,
      "action": "open",
      "source": "web"
    },
    {
      "timestamp": "2025-12-26T16:31:15.205761",
      "plate": "BRA2E19",
      "qr_token": "IFMGQR1",
      "valid": false,
      "action": "deny",
      "source": "web",
      "reason": "auth_failed"
    },
    {
      "timestamp": "2025-12-26T16:13:33.317361",
      "plate": "MANUAL",
      "qr_token": "ADMIN",
      "valid": true,
      "action": "open",
      "source": "web",
      "reason": "manual"
    },
    {
      "timestamp": "2025-12-26T16:13:26.118923",
      "plate": "QR_SCAN",
      "qr_token": "ILEGIVEL",
      "valid": false,
      "action": "scan",
      "source": "ocr",
      "reason": "qr_upload"
    },
    {
      "timestamp": "2025-12-26T16:01:40.881655",
      "plate": "QR_SCAN",
      "qr_token": "ILEGIVEL",
      "valid": false,
      "action": "scan",
      "source": "ocr",
      "reason": "qr_upload"
    },
    {
      "timestamp": "2025-12-26T14:24:03.982548",
      "plate": "MANUAL",
      "qr_token": "ADMIN",
      "valid": true,
      "action": "open",
      "source": "web",
      "reason": "manual"
    },
    {
      "timestamp": "2025-12-26T14:24:00.608262",
      "plate": "QR_SCAN",
      "qr_token": "ILEGIVEL",
      "valid": false,
      "action": "scan",
      "source": "ocr",
      "reason": "qr_upload"
    },
    {
      "timestamp": "2025-12-26T13:58:51.979611",
      "plate": "QR_SCAN",
      "qr_token": "ILEGIVEL",
      "valid": false,
      "action": "scan",
      "source": "ocr",
      "reason": "qr_upload"
    },
    {
      "timestamp": "2025-12-26T13:58:41.745597",
      "plate": "BRA2E19",
      "qr_token": "",
      "valid": false,
      "action": "deny",
      "source": "web",
      "reason": "auth_failed"
    },
    {
      "timestamp": "2025-12-26T12:28:53.492461",
      "plate": "QR_SCAN",
      "qr_token": "ILEGIVEL",
      "valid": false,
      "action": "scan",
      "source": "ocr",
      "reason": "qr_upload"
    },
    {
      "timestamp": "2025-12-26T11:59:58.212600",
      "plate": "BRA2E19",
      "qr_token": "",
      "valid": false,
      "action": "deny",
      "source": "web",
      "reason": "auth_failed"
    },
    {
      "timestamp": "2025-12-26T11:51:32.412923",
      "plate": "QR_SCAN",
      "qr_token": "ILEGIVEL",
      "valid": false,
      "action": "scan",
      "source": "ocr",
      "reason": "qr_upload"
    },
    {
      "timestamp": "2025-12-26T11:51:29.694544",
      "plate": "BRA2E19",
      "qr_token": "SCAN_IMG",
      "valid": false,
      "action": "scan",
      "source": "ocr",
      "reason": "image_upload"
    },
    {
      "timestamp": "2025-12-26T11:49:30.547318",
      "plate": "",
      "qr_token": "",
      "valid": false,
      "action": "deny",
      "source": "web",
      "reason": "invalid_format"
    },
    {
      "timestamp": "2025-12-26T11:48:59.441719",
      "plate": "",
      "qr_token": "",
      "valid": false,
      "action": "deny",
      "source": "web",
      "reason": "invalid_format"
    },
    {
      "timestamp": "2025-12-26T11:46:13.103711",
      "plate": "QR_SCAN",
      "qr_token": "ILEGIVEL",
      "valid": false,
      "action": "scan",
      "source": "ocr",
      "reason": "qr_upload"
    },
    {
      "timestamp": "2025-12-26T11:46:03.018379",
      "plate": "DESCONHECIDO",
      "qr_token": "SCAN_IMG",
      "valid": false,
      "action": "scan",
      "source": "ocr",
      "reason": "image_upload"
    },
    {
      "timestamp": "2025-12-24T14:07:34.553159",
      "plate": "MANUAL",
      "qr_token": "ADMIN",
      "valid": true,
      "action": "close",
      "source": "web",
      "reason": "manual"
    },
    {
      "timestamp": "2025-12-24T14:07:32.258068",
      "plate": "MANUAL",
      "qr_token": "ADMIN",
      "valid": true,
      "action": "open",
      "source": "web",
      "reason": "manual"
    },
    {
      "timestamp": "2025-12-24T12:34:37.834416",
      "plate": "ABC1234",
      "qr_token": "QRCODE1",
      "valid": true,
      "action": "open",
      "source": "web"
    },
    {
      "timestamp": "2025-12-24T12:34:16.398664",
      "plate": "GJX7E25",
      "qr_token": "QRCODE1",
      "valid": false,
      "action": "deny",
      "source": "web",
      "reason": "plate_not_found"
    },
    {
      "timestamp": "2025-12-24T12:14:20.724652",
      "plate": "ABC1234",
      "qr_token": "QRCODE1",
      "valid": true,
      "action": "open",
      "source": "web"
    },
    {
      "timestamp": "2025-12-24T12:06:16.461225",
      "plate": "ABC1234",
      "qr_token": "QRCODE1",
      "valid": true,
      "action": "open",
      "source": "web"
    },
    {
      "timestamp": "2025-12-24T12:05:46.223954",
      "plate": "GJX7E25",
      "qr_token": "ADSSA",
      "valid": false,
      "action": "deny",
      "source": "web",
      "reason": "plate_not_found"
    },
    {
      "timestamp": "2025-12-24T12:04:23.181189",
      "plate": "GJX7E25",
      "qr_token": "1412412DS",
      "valid": false,
      "action": "deny",
      "source": "web",
      "reason": "plate_not_found"
    },
    {
      "timestamp": "2025-12-24T11:53:20.023633",
      "plate": "GJX7E25",
      "qr_token": "SAD",
      "valid": false,
      "action": "deny",
      "source": "web",
      "reason": "plate_not_found"
    }
  ]
}